M,logR,Sd,PGV,logPGV,PGA,logPGA,Ia,CAV,MMI
5.8,0.763427994,1,1.405687787,0.147888871,2.397644588,3.80E-01,1.700790221,2.709795546,7
5.8,0.763427994,1,1.75709222,0.244794556,2.711461342,4.33E-01,2.133059643,2.803928029,7
4.8,0.681241237,1,0.440909082,-3.56E-01,1.593950295,2.02E-01,0.376576957,2.05986622,5
4.8,0.681241237,1,0.713490543,-1.47E-01,1.864273697,2.71E-01,0.478566496,2.077295214,5
4.5,0.653212514,1,-0.283996656,-5.47E-01,1.383815366,1.41E-01,-1.22184875,0.85308953,4
4.5,0.653212514,1,-0.537602002,-2.70E-01,1.398113692,1.46E-01,-1.096910013,0.92992956,4
5,0.698970004,1,0,-1.57E+01,1.021602716,9.28E-03,-0.886056648,1.440594262,5
5,0.698970004,1,0.064457989,-1.19E+00,1.230704314,9.02E-02,-0.619788758,1.583878598,5
4,0.602059991,1,-0.259637311,-5.86E-01,1.009450896,4.09E-03,-1.22184875,1.174641193,5
4,0.602059991,1,-0.031517051,-1.50E+00,1.390758529,1.43E-01,-0.744727495,1.300160537,5
6.2,0.792391689,1,1.070037867,2.94E-02,2.135100834,3.29E-01,1.239799818,2.457806229,7
6.2,0.792391689,1,1.189490314,7.54E-02,2.155336037,3.34E-01,1.316180099,2.50081259,7
6.2,0.792391689,1,-0.008773924,-2.06E+00,1.57921178,1.98E-01,-0.161150909,1.916295995,5
6.2,0.792391689,1,-0.055517328,-1.26E+00,1.595275712,2.03E-01,-0.26760624,1.826981337,5
5.12,0.709269961,1,0.733999287,-1.34E-01,1.98811284,2.98E-01,0.664641976,1.960708552,6
5.12,0.709269961,1,0.88592634,-5.26E-02,2.051075308,3.12E-01,0.776701184,1.979275148,6
6.6,0.819543936,1,1.350829274,1.31E-01,2.353454584,3.72E-01,1.805976351,2.849818511,7
6.6,0.819543936,1,1.357172258,1.33E-01,2.48234468,3.95E-01,1.913548958,2.907744479,7
6.6,0.819543936,1,1.342817315,1.28E-01,2.22284648,3.47E-01,1.569958818,2.743885886,7
6.6,0.819543936,1,1.353723938,1.32E-01,2.453042996,3.90E-01,1.948510769,2.943825799,7
6.3,0.799340549,1,1.039017322,1.66E-02,2.058312121,3.14E-01,1.261500773,2.58067413,6
6.3,0.799340549,1,1.180985581,7.22E-02,2.070407322,3.16E-01,1.350829274,2.606725225,6
5.4,0.73239376,0,1.046885191,1.99E-02,2.122838194,3.27E-01,1.292699003,2.495183432,7
5.4,0.73239376,0,0.962842681,-1.64E-02,2.146717036,3.32E-01,1.409764104,2.561971487,7
5.4,0.73239376,1,0.494154594,-3.06E-01,1.705436047,2.32E-01,0.683947131,2.253434935,7
5.4,0.73239376,1,0.769377326,-1.14E-01,1.987263954,2.98E-01,0.86569606,2.317499221,7
4.5,0.653212514,1,-0.008773924,-2.06E+00,1.334252642,1.25E-01,-0.552841969,1.483587297,6
4.5,0.653212514,1,0.204119983,-6.90E-01,1.561697533,1.94E-01,-0.397940009,1.454082271,6
6.9,0.838849091,1,0.8162413,-8.82E-02,1.790988475,2.53E-01,1.024485668,2.511522413,6
6.9,0.838849091,1,0.77524626,-1.11E-01,1.806790272,2.57E-01,0.895422546,2.474536766,6
6.9,0.838849091,0,0.597695186,-2.24E-01,1.494571984,1.75E-01,0.193124598,1.961658349,5
6.9,0.838849091,0,0.638489257,-1.95E-01,1.705778213,2.32E-01,0.532754379,2.098020386,5
4.77,0.678518379,1,0.096910013,-1.01E+00,1.194791758,7.73E-02,-0.337242168,1.725993259,4
4.77,0.678518379,1,0.041392685,-1.38E+00,1.409256652,1.49E-01,-0.173925197,1.770999205,4
5.6,0.748188027,0,0.523746467,-2.81E-01,1.875234946,2.73E-01,0.909556029,2.328481539,5
5.6,0.748188027,0,0.757396029,-1.21E-01,2.2509077,3.52E-01,1.260071388,2.445977629,5
5.2,0.716003344,1,0.361727836,-4.42E-01,1.484869033,1.72E-01,0.146128036,2.027512692,5
5.2,0.716003344,1,0.621176282,-2.07E-01,1.698883137,2.30E-01,0.45331834,2.124373786,5
6.2,0.792391689,1,0.235528447,-6.28E-01,1.332034277,1.25E-01,0.071882007,1.949048292,4
6.2,0.792391689,1,0.409933123,-3.87E-01,1.397244581,1.45E-01,0.136720567,1.962748053,4
6.2,0.792391689,0,0.695481676,-1.58E-01,2.252391803,3.53E-01,1.487421211,2.636808734,6
6.2,0.792391689,0,0.996949248,-1.33E-03,2.36227508,3.73E-01,1.598571663,2.648028064,6
6.2,0.792391689,0,0.342422681,-4.65E-01,1.33243846,1.25E-01,0.187520721,2.119486836,5
6.2,0.792391689,0,0.195899652,-7.08E-01,1.407560849,1.48E-01,0.238046103,2.133985746,5
4.8,0.681241237,0,0.155336037,-8.09E-01,1.749195042,2.43E-01,-0.167491087,1.547651658,6
4.8,0.681241237,0,0.409933123,-3.87E-01,1.992686039,2.99E-01,0.120573931,1.590841835,6
5.2,0.716003344,0,0.411619706,-3.86E-01,1.66152874,2.21E-01,0.469822016,2.008046306,6
5.2,0.716003344,0,0.632457292,-1.99E-01,1.932524497,2.86E-01,0.546542663,2.038580426,6
5.2,0.716003344,1,0.396199347,-4.02E-01,1.703205371,2.31E-01,0.589949601,2.207957343,6
5.2,0.716003344,1,0.557507202,-2.54E-01,1.861534411,2.70E-01,0.603144373,2.188056208,6
5.2,0.716003344,0,0.411619706,-3.86E-01,1.651374944,2.18E-01,0.382017043,2.076421967,6
5.2,0.716003344,0,0.584331224,-2.33E-01,1.742017747,2.41E-01,0.411619706,2.038341934,6
5.9,0.770852012,0,1.516931809,1.81E-01,2.323911809,3.66E-01,1.776265218,2.721035281,8
5.9,0.770852012,0,1.507855872,1.78E-01,2.463818362,3.92E-01,1.938419646,2.766420284,8
5.9,0.770852012,0,1.500373714,1.76E-01,2.371751107,3.75E-01,1.742489465,2.654725082,8
5.9,0.770852012,0,1.371621927,1.37E-01,2.426560056,3.85E-01,1.869994,2.729099965,8
5.9,0.770852012,1,0.033423755,-1.48E+00,1.057666104,2.43E-02,-0.638272164,1.520745472,4
5.9,0.770852012,1,0.117271296,-9.31E-01,1.1430148,5.81E-02,-0.537602002,1.558468563,4
4.9,0.69019608,0,0.835690571,-7.80E-02,2.193068916,3.41E-01,1.039017322,2.246597049,7
4.9,0.69019608,0,1.41447195,1.51E-01,2.515211304,4.01E-01,1.675595056,2.482787859,7
4.9,0.69019608,0,0.898176483,-4.66E-02,2.140067869,3.30E-01,0.906335042,2.154880245,7
4.9,0.69019608,0,1.34321159,1.28E-01,2.372046232,3.75E-01,1.449940989,2.370919992,7
4.9,0.69019608,0,0.5132176,-2.90E-01,1.488973525,1.73E-01,0.214843848,2.096284178,5
4.9,0.69019608,0,0.276461804,-5.58E-01,1.674677468,2.24E-01,0.271841607,2.093141405,5
5.3,0.72427587,0,0.451786436,-3.45E-01,1.719745493,2.35E-01,0.209515015,1.877083257,4
5.3,0.72427587,0,0.380211242,-4.20E-01,1.748343104,2.43E-01,0.252853031,1.874597769,4
4.8,0.681241237,1,0.873320602,-5.88E-02,2.060848873,3.14E-01,0.639486489,1.98971672,6
4.8,0.681241237,1,1.13893394,5.65E-02,2.319189369,3.65E-01,1.310480891,2.2633046,6
4.8,0.681241237,1,0.783188691,-1.06E-01,1.925776054,2.85E-01,0.612783857,2.033101937,6
4.8,0.681241237,1,1.222456337,8.72E-02,2.432103044,3.86E-01,1.324488233,2.196480168,6
5.3,0.72427587,0,0.792391689,-1.01E-01,2.210532537,3.44E-01,1.162564407,2.489424067,5
5.3,0.72427587,0,0.92890769,-3.20E-02,2.237970785,3.50E-01,1.421274791,2.618633738,5
5.3,0.72427587,0,0.240549248,-6.19E-01,1.633872263,2.13E-01,0.250420002,1.947335676,5
5.3,0.72427587,0,0.209515015,-6.79E-01,1.766561553,2.47E-01,0.220108088,1.930796263,5
5.4,0.73239376,0,0.053078443,-1.28E+00,1.507045872,1.78E-01,0.017033339,1.850155922,5
5.4,0.73239376,0,0.100370545,-9.98E-01,1.583538819,2.00E-01,0.089905111,1.879439966,5
4.9,0.69019608,0,0.206825876,-6.84E-01,1.740599513,2.41E-01,0.184691431,1.933132824,5
4.9,0.69019608,0,0.371067862,-4.31E-01,1.871456174,2.72E-01,0.255272505,1.956552592,5
5.3,0.72427587,0,-0.004364805,-2.36E+00,1.248953615,9.65E-02,-0.408935393,1.62024019,4
5.3,0.72427587,0,-0.070581074,-1.15E+00,1.30920418,1.17E-01,-0.229147988,1.706205542,4
5.3,0.72427587,0,0.11058971,-9.56E-01,1.285782274,1.09E-01,-0.161150909,1.877659244,4
5.3,0.72427587,0,0.515873844,-2.87E-01,1.51600623,1.81E-01,0.123851641,1.992553518,4
5.9,0.770852012,0,0.626340367,-2.03E-01,1.910837765,2.81E-01,0.889861721,2.39208112,7
5.9,0.770852012,0,0.927370363,-3.27E-02,2.184946823,3.39E-01,1.151063253,2.431460263,7
5.9,0.770852012,0,1.018700499,8.05E-03,2.15624619,3.34E-01,1.469674773,2.653521236,7
5.9,0.770852012,0,0.904715545,-4.35E-02,2.169938809,3.36E-01,1.39880773,2.64501923,7
5.9,0.770852012,0,0.017033339,-1.77E+00,1,9.64E-17,-0.431798276,1.735997884,4
5.9,0.770852012,0,0.10720997,-9.70E-01,1.145196406,5.89E-02,-0.468521083,1.701913211,4
5.9,0.770852012,1,0.372912003,-4.28E-01,1.383635868,1.41E-01,0.127104798,2.033343323,6
5.9,0.770852012,1,0.356025857,-4.49E-01,1.461648568,1.65E-01,0.064457989,2.013258665,6
5.9,0.770852012,0,-0.086186148,-1.06E+00,1.382377303,1.41E-01,-0.318758763,1.618780025,4
5.9,0.770852012,0,0.049218023,-1.31E+00,1.459995256,1.64E-01,-0.27572413,1.612359948,4
4.9,0.69019608,0,0.796574333,-9.88E-02,1.996424104,3.00E-01,0.487138375,1.902002891,6
4.9,0.69019608,0,0.893761762,-4.88E-02,2.037346804,3.09E-01,0.861534411,2.07371835,6
4.9,0.69019608,1,0.100370545,-9.98E-01,1.409764104,1.49E-01,-0.251811973,1.795949499,6
4.9,0.69019608,1,0.436162647,-3.60E-01,1.51308436,1.80E-01,-0.040958608,1.852662944,6
4.9,0.69019608,0,0.08278537,-1.08E+00,1.263636069,1.02E-01,-0.30980392,1.79504537,6
4.9,0.69019608,0,0.361727836,-4.42E-01,1.344588743,1.29E-01,-0.119186408,1.851380668,6
4.8,0.681241237,1,0.587710965,-2.31E-01,1.69966432,2.30E-01,0.167317335,1.875350697,5
4.8,0.681241237,1,0.559906625,-2.52E-01,1.859198362,2.69E-01,0.267171728,1.884965198,5
4.8,0.681241237,0,0.526339277,-2.79E-01,1.70969387,2.33E-01,0.155336037,1.86923172,5
4.8,0.681241237,0,0.700703717,-1.54E-01,1.930388618,2.86E-01,0.374748346,1.961848059,5
5.2,0.716003344,0,0.546542663,-2.62E-01,1.748575617,2.43E-01,0.152288344,1.954531943,4
5.2,0.716003344,0,0.703291378,-1.53E-01,1.882239848,2.75E-01,0.298853076,1.987398099,4
5.2,0.716003344,0,0.367355921,-4.35E-01,1.612465964,2.07E-01,0.139879086,1.936714758,4
5.2,0.716003344,0,0.582063363,-2.35E-01,1.671635597,2.23E-01,0.136720567,1.921061891,4
5.9,0.770852012,0,0.136720567,-8.64E-01,1.438384107,1.58E-01,0.075546961,1.904769626,4
5.9,0.770852012,0,0.064457989,-1.19E+00,1.569256833,1.96E-01,0.11058971,1.897791982,4
5.9,0.770852012,0,0.113943352,-9.43E-01,1.203848464,8.06E-02,-0.638272164,1.465531557,4
5.9,0.770852012,0,0.071882007,-1.14E+00,1.323045735,1.22E-01,-0.585026652,1.442636526,4
5.9,0.770852012,0,0.176091259,-7.54E-01,1.314077992,1.19E-01,-0.086186148,1.890476909,4
5.9,0.770852012,0,0.198657087,-7.02E-01,1.459693976,1.64E-01,-0.017728767,1.916137983,4
5.9,0.770852012,0,0.1430148,-8.45E-01,1.196452542,7.79E-02,-0.431798276,1.672374979,4
5.9,0.770852012,0,0.176091259,-7.54E-01,1.219060332,8.60E-02,-0.356547324,1.709524356,4
4.7,0.672097858,1,0.655138435,-1.84E-01,1.933031495,2.86E-01,0.661812686,2.067480024,6
4.7,0.672097858,1,0.584331224,-2.33E-01,1.990871405,2.99E-01,0.728353782,2.077331561,6
5.2,0.716003344,0,-0.022276395,-1.65E+00,1.344785123,1.29E-01,-0.27572413,1.746322765,4
5.2,0.716003344,0,0.056904851,-1.24E+00,1.40363519,1.47E-01,-0.102372909,1.846893543,4
5.2,0.716003344,0,-0.070581074,-1.15E+00,1.256958153,9.93E-02,-0.366531544,1.697142126,4
5.2,0.716003344,0,0.235528447,-6.28E-01,1.312388949,1.18E-01,-0.408935393,1.683227206,4
5.8,0.763427994,1,0.252853031,-5.97E-01,1.123198075,5.05E-02,-0.292429824,1.847140617,4
5.8,0.763427994,1,0.247973266,-6.06E-01,1.169380495,6.80E-02,-0.244125144,1.885530833,4
5.8,0.763427994,0,0.086359831,-1.06E+00,1.229681842,8.98E-02,-0.619788758,1.468495025,4
5.8,0.763427994,0,0.127104798,-8.96E-01,1.27600199,1.06E-01,-0.408935393,1.583878598,4
5.8,0.763427994,0,0.173186268,-7.61E-01,1.004321374,1.87E-03,-0.823908741,1.386498966,4
5.8,0.763427994,0,0.079181246,-1.10E+00,1.011570444,5.00E-03,-0.823908741,1.404662701,4
4.9,0.69019608,0,-0.036212173,-1.44E+00,1.477844476,1.70E-01,-0.26760624,1.677333151,5
4.9,0.69019608,0,0.240549248,-6.19E-01,1.740441645,2.41E-01,0.120573931,1.801129188,5
4.9,0.69019608,1,0.611723308,-2.13E-01,2.000434077,3.01E-01,0.521138084,1.983175072,6
4.9,0.69019608,1,0.809559715,-9.18E-02,2.265478204,3.55E-01,1.045322979,2.180469962,6
4.9,0.69019608,0,0.096910013,-1.01E+00,1.642662331,2.16E-01,-0.040958608,1.790988475,5
4.9,0.69019608,0,0.220108088,-6.57E-01,1.670709595,2.23E-01,0.130333768,1.835500328,5
4.9,0.69019608,1,0.603144373,-2.20E-01,1.974281359,2.95E-01,0.614897216,2.011781831,6
4.9,0.69019608,1,0.673941999,-1.71E-01,2.055607652,3.13E-01,0.663700925,2.105442055,6
5.4,0.73239376,1,0.968482949,-1.39E-02,2.153631965,3.33E-01,1.007320953,2.288874946,7
5.4,0.73239376,1,1.27392678,1.05E-01,2.629032231,4.20E-01,1.52179165,2.437369992,7
5.4,0.73239376,0,0.668385917,-1.75E-01,1.947384702,2.89E-01,0.716003344,2.242566273,6
5.4,0.73239376,0,0.705863712,-1.51E-01,2.049760552,3.12E-01,0.800029359,2.263257227,6
5.3,0.72427587,1,0.354108439,-4.51E-01,1.629613445,2.12E-01,0.11058971,1.881783956,5
5.3,0.72427587,1,0.877946952,-5.65E-02,2.154758619,3.33E-01,0.81756537,2.054613055,5
5.3,0.72427587,1,0.322219295,-4.92E-01,1.459241665,1.64E-01,0.290034611,2.098193626,4
5.3,0.72427587,1,0.315970345,-5.00E-01,1.492341253,1.74E-01,0.255272505,2.053347392,4
4.7,0.672097858,0,0.033423755,-1.48E+00,1.699577591,2.30E-01,0.064457989,1.799064719,6
4.7,0.672097858,0,0.31386722,-5.03E-01,1.873204309,2.73E-01,0.51851394,1.94116346,6
5.6,0.748188027,0,0.187520721,-7.27E-01,1.522965595,1.83E-01,0.056904851,1.860697274,4
5.6,0.748188027,0,0.396199347,-4.02E-01,1.706973676,2.32E-01,0.292256071,1.970439863,4
5.6,0.748188027,0,-0.091514981,-1.04E+00,1.280350693,1.07E-01,-0.537602002,1.517459827,4
5.6,0.748188027,0,0.008600172,-2.07E+00,1.398634325,1.46E-01,-0.431798276,1.53032779,4
5.6,0.748188027,1,0.330413773,-4.81E-01,1.301029996,1.14E-01,-0.119186408,1.784331948,4
5.6,0.748188027,1,0.240549248,-6.19E-01,1.489536629,1.73E-01,-0.017728767,1.826981337,4
5.6,0.748188027,0,0.359835482,-4.44E-01,1.626443025,2.11E-01,0.330413773,2.043558747,5
5.6,0.748188027,0,0.667452953,-1.76E-01,1.695481676,2.29E-01,0.431363764,2.064907027,5
5.6,0.748188027,1,0.785329835,-1.05E-01,2.055836851,3.13E-01,1.119255889,2.469689499,6
5.6,0.748188027,1,1.029383778,1.26E-02,2.266419866,3.55E-01,1.252610341,2.512417549,6
5.6,0.748188027,0,0.883093359,-5.40E-02,2.139028547,3.30E-01,1.201123897,2.495988118,6
5.6,0.748188027,0,0.992553518,-3.25E-03,2.27392678,3.57E-01,1.341236623,2.540279409,6
5.6,0.748188027,0,0.938019097,-2.78E-02,2.175859574,3.38E-01,1.204391332,2.457215569,6
5.6,0.748188027,0,0.949877704,-2.23E-02,2.523382235,4.02E-01,1.488409689,2.532537815,6
5.6,0.748188027,1,0.037426498,-1.43E+00,1.419294722,1.52E-01,-0.124938737,1.816572696,4
5.6,0.748188027,1,0.08278537,-1.08E+00,1.5470359,1.90E-01,0,1.871806364,4
5.6,0.748188027,1,0.190331698,-7.20E-01,1.259115844,1.00E-01,-0.055517328,1.965342836,5
5.6,0.748188027,1,0.230448921,-6.37E-01,1.473194909,1.68E-01,0.103803721,2.024444617,5
5.3,0.72427587,0,0.672097858,-1.73E-01,1.827692289,2.62E-01,0.652246341,2.063708559,5
5.3,0.72427587,0,0.974050903,-1.14E-02,2.008557592,3.03E-01,0.761927838,2.049721822,5
5.3,0.72427587,1,0.190331698,-7.20E-01,1.089905111,3.74E-02,-0.552841969,1.691611874,4
5.3,0.72427587,1,0.025305865,-1.60E+00,1.11991541,4.92E-02,-0.443697499,1.737590166,4
5.4,0.73239376,1,1.10754913,4.44E-02,2.234567898,3.49E-01,1.291146762,2.504375701,5
5.4,0.73239376,1,1.158663981,6.40E-02,2.292100938,3.60E-01,1.303196057,2.502030885,5
5.4,0.73239376,0,0.557507202,-2.54E-01,1.511080846,1.79E-01,0.36361198,2.13219563,4
5.4,0.73239376,0,0.567026366,-2.46E-01,1.530711838,1.85E-01,0.428134794,2.165807979,4
5.4,0.73239376,1,1.010723865,4.63E-03,2.116175891,3.26E-01,1.258158193,2.507018846,5
5.4,0.73239376,1,1.07371835,3.09E-02,2.128786859,3.28E-01,1.147676324,2.43381782,5
5.4,0.73239376,0,0.387389826,-4.12E-01,1.318063335,1.20E-01,0.195899652,2.111867147,5
5.4,0.73239376,0,0.380211242,-4.20E-01,1.388101202,1.42E-01,0.193124598,2.106224905,5
5.4,0.73239376,0,0.59439255,-2.26E-01,1.718418642,2.35E-01,0.689308859,2.255151851,6
5.4,0.73239376,0,0.632457292,-1.99E-01,1.751125072,2.43E-01,0.829946696,2.332054495,6
4.8,0.681241237,1,0.511883361,-2.91E-01,1.85082996,2.67E-01,0.292256071,1.901730692,5
4.8,0.681241237,1,0.485721426,-3.14E-01,1.908055874,2.81E-01,0.245512668,1.825426118,5
6.1,0.785329835,0,0.575187845,-2.40E-01,1.587374172,2.01E-01,0.421603927,2.18999534,5
6.1,0.785329835,0,0.675778342,-1.70E-01,1.752048448,2.44E-01,0.488550717,2.165303692,5
6.1,0.785329835,1,0.281033367,-5.51E-01,1.530839779,1.85E-01,0.079181246,1.836640542,4
6.1,0.785329835,1,0.451786436,-3.45E-01,1.710117365,2.33E-01,0.173186268,1.886885359,4
6.1,0.785329835,0,0.625312451,-2.04E-01,1.682235357,2.26E-01,0.361727836,2.137702167,5
6.1,0.785329835,0,0.73479983,-1.34E-01,1.736953954,2.40E-01,0.442479769,2.195013563,5
6.1,0.785329835,0,0.580924976,-2.36E-01,1.604550033,2.05E-01,0.784617293,2.540717288,5
6.1,0.785329835,0,0.64246452,-1.92E-01,1.776410589,2.50E-01,0.846337112,2.554113457,5
6,0.77815125,1,0.716003344,-1.45E-01,2.03120642,3.08E-01,0.944482672,2.282418171,6
6,0.77815125,1,0.907411361,-4.22E-02,2.199151571,3.42E-01,1.186673867,2.376668186,6
6,0.77815125,0,1.206015877,8.14E-02,2.415207136,3.83E-01,1.529173603,2.565387317,6
6,0.77815125,0,1.166726056,6.70E-02,2.478854968,3.94E-01,1.644340099,2.578673585,6
6,0.77815125,1,0.944975908,-2.46E-02,2.027797943,3.07E-01,0.815577748,2.192985379,6
6,0.77815125,1,0.939019776,-2.73E-02,2.068556895,3.16E-01,0.978636948,2.271725469,6
6,0.77815125,0,0.720159303,-1.43E-01,1.911583701,2.81E-01,0.740362689,2.257414559,6
6,0.77815125,0,0.882524538,-5.43E-02,1.997430074,3.00E-01,0.955206538,2.306339233,6
6,0.77815125,0,0.895422546,-4.80E-02,1.920592862,2.83E-01,0.63748973,2.110084423,6
6,0.77815125,0,1.015359755,6.62E-03,2.084361759,3.19E-01,0.82672252,2.150572248,6
6,0.77815125,0,0.710117365,-1.49E-01,1.881042108,2.74E-01,0.608526034,2.120639728,6
6,0.77815125,0,0.870403905,-6.03E-02,1.931915317,2.86E-01,0.717670503,2.165363051,6
6,0.77815125,0,1.018700499,8.05E-03,1.923761961,2.84E-01,0.767897616,2.158905021,6
6,0.77815125,0,1.006893708,2.98E-03,2.036309444,3.09E-01,0.806179974,2.141982516,6
6,0.77815125,0,1.108903128,4.49E-02,2.334212409,3.68E-01,1.246990699,2.423393345,6
6,0.77815125,0,1.252610341,9.78E-02,2.377342684,3.76E-01,1.468642668,2.489944424,6
6,0.77815125,0,1.236537261,9.22E-02,2.483458915,3.95E-01,1.832508913,2.732980465,6
6,0.77815125,0,1.339451441,1.27E-01,2.50516355,3.99E-01,1.773713325,2.712826413,6
6.5,0.812913357,0,0.158362492,-8.00E-01,1.193958978,7.70E-02,-0.30980392,1.708930536,4
6.5,0.812913357,0,0.271841607,-5.66E-01,1.231979027,9.06E-02,-0.283996656,1.754654069,4
6.5,0.812913357,0,0.404833717,-3.93E-01,1.236537261,9.22E-02,-0.119186408,1.875524264,5
6.5,0.812913357,0,0.50242712,-2.99E-01,1.315550534,1.19E-01,0.041392685,1.965107586,5
6.5,0.812913357,0,0.113943352,-9.43E-01,1.322632712,1.21E-01,-0.148741651,1.857332496,4
6.5,0.812913357,0,0.250420002,-6.01E-01,1.422425676,1.53E-01,-0.107905397,1.844725628,4
6.5,0.812913357,1,0.399673721,-3.98E-01,1.103461622,4.28E-02,-0.552841969,1.528145078,5
6.5,0.812913357,1,0.334453751,-4.76E-01,1.119585775,4.91E-02,-0.508638306,1.538196578,5
6.5,0.812913357,0,0.733999287,-1.34E-01,1.527243116,1.84E-01,0.672097858,2.399933182,5
6.5,0.812913357,0,0.851258349,-6.99E-02,1.534787359,1.86E-01,0.671172843,2.396338857,5
6.5,0.812913357,0,1.174931594,7.00E-02,1.916611845,2.83E-01,1.362859303,2.729027025,4
6.5,0.812913357,0,0.983626287,-7.17E-03,1.959375337,2.92E-01,1.281033367,2.681168849,5
6.5,0.812913357,0,0.565847819,-2.47E-01,1.416307587,1.51E-01,0.472756449,2.246227678,5
6.5,0.812913357,0,0.640481437,-1.93E-01,1.606058749,2.06E-01,0.562292864,2.23230984,5
6.5,0.812913357,1,0.631443769,-2.00E-01,1.696268997,2.29E-01,0.298853076,2.008429827,5
6.5,0.812913357,1,0.738780558,-1.31E-01,1.744292983,2.42E-01,0.431363764,2.080265627,5
6.5,0.812913357,0,0.220108088,-6.57E-01,1.006466042,2.80E-03,-0.638272164,1.46686762,4
6.5,0.812913357,0,0.26245109,-5.81E-01,1.072984745,3.06E-02,-0.657577319,1.451325808,4
6.1,0.785329835,0,0.936010796,-2.87E-02,1.97160052,2.95E-01,1.11058971,2.44276189,6
6.1,0.785329835,0,1.066325925,2.79E-02,1.994493123,3.00E-01,1.33243846,2.551120492,6
6.1,0.785329835,0,0.57634135,-2.39E-01,1.601190533,2.04E-01,0.271841607,2.054536453,4
6.1,0.785329835,0,0.544068044,-2.64E-01,1.688686724,2.28E-01,0.348304863,2.054191577,4
4.9,0.69019608,0,0.068185862,-1.17E+00,1.585122186,2.00E-01,-0.075720714,1.705264862,5
4.9,0.69019608,0,0.235528447,-6.28E-01,1.739809599,2.41E-01,0.133538908,1.806722503,5
4.9,0.69019608,1,0.357934847,-4.46E-01,1.180412633,7.20E-02,-0.552841969,1.597804842,5
4.9,0.69019608,1,0.260071388,-5.85E-01,1.67182056,2.23E-01,-0.167491087,1.688241796,5
5,0.698970004,0,0.752048448,-1.24E-01,2.128205344,3.28E-01,0.991669007,2.25166255,6
5,0.698970004,0,0.959041392,-1.82E-02,2.295721,3.61E-01,1.148910993,2.275909969,6
5.1,0.707570176,0,0.51054501,-2.92E-01,1.911902996,2.81E-01,0.457881897,1.898286279,5
5.1,0.707570176,0,0.687528961,-1.63E-01,2.104760167,3.23E-01,0.808210973,2.028733879,5
5.1,0.707570176,0,0.269512944,-5.69E-01,1.728028954,2.38E-01,0.113943352,1.786183346,4
5.1,0.707570176,0,0.322219295,-4.92E-01,2.021396057,3.06E-01,0.5132176,1.987487506,4
4.5,0.653212514,0,0.103803721,-9.84E-01,1.501333179,1.76E-01,-0.187086643,1.760120785,4
4.5,0.653212514,0,0.372912003,-4.28E-01,1.776047071,2.49E-01,-0.031517051,1.774078801,4
5.5,0.740362689,0,0.36361198,-4.39E-01,1.40688067,1.48E-01,-0.387216143,1.628797486,6
5.5,0.740362689,0,0.029383778,-1.53E+00,1.542576476,1.88E-01,-0.318758763,1.624282096,6
4,0.602059991,0,0.648360011,-1.88E-01,2.028408565,3.07E-01,0.408239965,1.769229582,5
4,0.602059991,0,1.020775488,8.93E-03,2.479848727,3.94E-01,1.192567453,1.934144812,5
5.4,0.73239376,0,0.181843588,-7.40E-01,1.312177356,1.18E-01,-0.346787486,1.632760888,5
5.4,0.73239376,0,0.139879086,-8.54E-01,1.5774918,1.98E-01,-0.27572413,1.63748973,5
5.3,0.72427587,0,0.591064607,-2.28E-01,1.820267157,2.60E-01,0.206825876,1.8409212,6
5.3,0.72427587,0,0.336459734,-4.73E-01,2.047547433,3.11E-01,0.46686762,1.892706638,6
5.2,0.716003344,0,0.631443769,-2.00E-01,1.541454429,1.88E-01,0.285557309,1.92417587,6
5.2,0.716003344,0,0.911157609,-4.04E-02,1.921009801,2.84E-01,0.480006943,1.936564005,6
5.2,0.716003344,0,0.206825876,-6.84E-01,1.557867962,1.93E-01,0.195899652,2.01123201,5
5.2,0.716003344,0,0.307496038,-5.12E-01,1.718501689,2.35E-01,0.318063335,2.03530964,5
5.1,0.707570176,0,0.514547753,-2.89E-01,1.781898919,2.51E-01,-0.050609993,1.724029973,5
5.1,0.707570176,0,0.421603927,-3.75E-01,1.823604628,2.61E-01,-0.045757491,1.721563318,5
4.8,0.681241237,0,0.187520721,-7.27E-01,1.40277707,1.47E-01,-0.148741651,1.825685708,5
4.8,0.681241237,0,0.255272505,-5.93E-01,1.474361976,1.69E-01,-0.107905397,1.837019949,5
4.8,0.681241237,1,-0.27572413,-5.60E-01,1.019946682,8.58E-03,-1.15490196,1.234517284,5
4.8,0.681241237,1,0.447158031,-3.50E-01,1.646893624,2.17E-01,-0.26760624,1.50242712,5
5.6,0.748188027,0,0.678518379,-1.68E-01,2.09666674,3.22E-01,1.035429738,2.284047032,6
5.6,0.748188027,0,0.949877704,-2.23E-02,2.346998068,3.71E-01,1.19368103,2.305544824,6
5,0.698970004,0,0.614897216,-2.11E-01,2.017409009,3.05E-01,0.598790507,2.05415324,6
5,0.698970004,0,0.859738566,-6.56E-02,2.085968077,3.19E-01,0.78604121,2.121395681,6
5.2,0.716003344,0,0.621176282,-2.07E-01,1.846646329,2.66E-01,0.568201724,2.144418519,6
5.2,0.716003344,0,0.738780558,-1.31E-01,1.848373884,2.67E-01,0.671172843,2.179408152,6
4.8,0.681241237,0,0.643452676,-1.91E-01,1.744292983,2.42E-01,0.322219295,1.98190917,5
4.8,0.681241237,0,0.530199698,-2.76E-01,1.746244872,2.42E-01,0.320146286,1.980957316,5
6.6,0.819543936,0,0.193124598,-7.14E-01,1.426836454,1.54E-01,-0.119186408,1.809425029,5
6.6,0.819543936,0,0.352182518,-4.53E-01,1.456517858,1.63E-01,0.017033339,1.887504774,5
6.6,0.819543936,0,-0.022276395,-1.65E+00,1.288025535,1.10E-01,-0.568636236,1.501196242,4
6.6,0.819543936,0,0.361727836,-4.42E-01,1.315970345,1.19E-01,-0.494850022,1.516799704,4
6.6,0.819543936,0,0.46686762,-3.31E-01,1.909716453,2.81E-01,0.421603927,1.882467615,5
6.6,0.819543936,0,0.626340367,-2.03E-01,2.027675716,3.07E-01,0.725911632,1.999174056,5
5,0.698970004,0,0.962369336,-1.67E-02,2.237342629,3.50E-01,1.347915187,2.435796604,6
5,0.698970004,0,0.925312091,-3.37E-02,2.246941512,3.52E-01,1.356217134,2.456912354,6
5,0.698970004,0,0.214843848,-6.68E-01,1.541953474,1.88E-01,0.155336037,1.931050847,5
5,0.698970004,0,0.436162647,-3.60E-01,1.888740961,2.76E-01,0.238046103,1.873553094,5
6.4,0.806179974,0,0.911157609,-4.04E-02,2.059146719,3.14E-01,1.450249108,2.740149438,6
6.4,0.806179974,0,0.844477176,-7.34E-02,2.073535065,3.17E-01,1.283527365,2.664566767,6
6.6,0.819543936,0,0.701567985,-1.54E-01,1.8106357,2.58E-01,0.818225894,2.337638932,5
6.6,0.819543936,0,0.619093331,-2.08E-01,1.859378504,2.69E-01,0.781755375,2.335297393,5
4.7,0.672097858,1,0.742725131,-1.29E-01,2.053078443,3.12E-01,0.710963119,2.034588354,6
4.7,0.672097858,1,0.546542663,-2.62E-01,2.085896811,3.19E-01,0.413299764,1.931864513,6
5.2,0.716003344,0,0.503790683,-2.98E-01,1.499824496,1.76E-01,0.326335861,2.045205586,6
5.2,0.716003344,0,0.599883072,-2.22E-01,1.631342286,2.13E-01,0.523746467,2.090046322,6
5.2,0.716003344,0,-0.017728767,-1.75E+00,1.031004281,1.33E-02,-0.568636236,1.621902961,5
5.2,0.716003344,0,0.089905111,-1.05E+00,1.11058971,4.56E-02,-0.585026652,1.601516784,5
5.3,0.72427587,0,0.133538908,-8.74E-01,1.499274582,1.76E-01,-0.167491087,1.716086854,4
5.3,0.72427587,0,0.064457989,-1.19E+00,1.541704023,1.88E-01,-0.124938737,1.740441645,4
5.3,0.72427587,0,0.584331224,-2.33E-01,2.016949813,3.05E-01,0.625312451,2.016991578,5
5.3,0.72427587,0,0.665580991,-1.77E-01,2.153967222,3.33E-01,0.929418926,2.136688866,5
6.5,0.812913357,0,0.625312451,-2.04E-01,1.565611725,1.95E-01,0.318063335,1.963646186,4
6.5,0.812913357,0,0.62838893,-2.02E-01,1.621176282,2.10E-01,0.127104798,1.854184544,4
6.5,0.812913357,0,0.396199347,-4.02E-01,1.355259906,1.32E-01,0.292256071,2.147799949,4
6.5,0.812913357,0,0.367355921,-4.35E-01,1.405004665,1.48E-01,0.260071388,2.121067167,4
6.5,0.812913357,0,0.209515015,-6.79E-01,1.369030222,1.36E-01,-0.022276395,1.99655545,4
6.5,0.812913357,0,0.068185862,-1.17E+00,1.408409578,1.49E-01,0.06069784,2.008727887,4
6.5,0.812913357,0,0.45331834,-3.44E-01,1.316389751,1.19E-01,0.195899652,2.167553621,4
6.5,0.812913357,0,0.537819095,-2.69E-01,1.384711743,1.41E-01,0.257678575,2.206015877,4
6.5,0.812913357,0,0.164352856,-7.84E-01,1.260071388,1.00E-01,-0.173925197,1.869583708,5
6.5,0.812913357,0,0.250420002,-6.01E-01,1.286905353,1.10E-01,-0.229147988,1.864748336,5
6.5,0.812913357,0,0.731588765,-1.36E-01,1.529943402,1.85E-01,0.478566496,2.244227626,4
6.5,0.812913357,0,0.767897616,-1.15E-01,1.609807769,2.07E-01,0.549003262,2.271957713,4
6.5,0.812913357,0,0.818885415,-8.68E-02,2.144947634,3.31E-01,1.304705898,2.514853112,7
6.5,0.812913357,0,0.933993164,-2.97E-02,2.309374625,3.63E-01,1.439016728,2.546900316,7
6.5,0.812913357,0,-0.259637311,-5.86E-01,1,9.64E-17,-1.301029996,1.106530854,4
6.5,0.812913357,0,-0.173925197,-7.60E-01,1.055760465,2.36E-02,-1,1.247727833,4
6.5,0.812913357,0,0.984527313,-6.77E-03,1.447313109,1.61E-01,0.687528961,2.442526802,4
6.5,0.812913357,0,0.926342447,-3.32E-02,1.469380136,1.67E-01,0.754348336,2.504062883,4
6.5,0.812913357,0,0.382017043,-4.18E-01,1.41564098,1.51E-01,0.193124598,2.108801724,5
6.5,0.812913357,0,0.46686762,-3.31E-01,1.467312063,1.67E-01,0.346352974,2.167494562,5
4.79,0.680335513,0,-0.229147988,-6.40E-01,1.26904571,1.03E-01,-0.744727495,1.292034436,5
4.79,0.680335513,0,0.056904851,-1.24E+00,1.413969972,1.50E-01,-0.744727495,1.226599905,5
